strategy,story_stub,narrative,overall_quality,identifying_major_flaws,character_behavior,common_sense_adherence,consistency,relatedness,causal_temporal_relationship,avg_score,judge_comments
baseline,"Many years ago, there was an Emperor, who was so excessively fond of new clothes, that he spent all his money in dress. He did not trouble himself in the least about his soldiers; nor did he care to go either to the theatre or the chase, except for the opportunities then afforded him for displaying his new clothes. He had a different suit for each hour of the day; and as of any other king or emperor, one is accustomed to say, “he is sitting in council,” it was always said of him, “The Emperor is sitting in his wardrobe.”","- Many years ago, there was an Emperor, who was so excessively fond of new clothes, that he spent all his money in dress. He did not trouble himself in the least about his soldiers; nor did he care to go either to the theatre or the chase, except for the opportunities then afforded him for displaying his new clothes. He had a different suit for each hour of the day; and as of any other king or emperor, one is accustomed to say, “he is sitting in council,” it was always said of him, “The Emperor is sitting in his wardrobe.”
- One day, two cunning weavers arrived at the Emperor's court claiming they could weave the most exquisite clothes that were invisible to anyone who was unfit for their office or particularly stupid. Intrigued by such a unique and enchanting offer, the Emperor lavished them with gold and silk after which they set up looms and began to weave but whispered rumors soon suggested that these ""invisible"" clothes were a lie.
- As the Emperor eagerly awaited his majestic garments with unwavering anticipation trusted ministers worried about potential deception demanded to see the weavers' progress therefore the weavers cleverly cut a piece of the ""invisible"" fabric from the loom and presented it to the chief minister explaining that those unworthy of their positions simply couldn't perceive its beauty. Doubt crept into the ministers' minds as none could see the exquisite fabric but none dared admit it for fear of appearing foolish to everyone surrounding them including the Emperor himself.
- One night, as the weavers pretended to toil over their invisible creation, a curious young boy—an adopted ward of one minister with a penchant for sneaking into peculiar places—unexpectedly stumbled upon the empty looms and the ""nonexistent"" cloth piled on the floor, causing him to laugh out loud at the revelation which would spell clouds over the Emperor's sunny narcissism Pourtant both chaos and amazement circled through the palace halls when the delighted boy hurried to showcase to everyone the bares of the thread masterpiece prompting hushed disbelief among the whipped loyals yet tremors of the challenge urged transparency 체체rageellung conjugated confession gihugufego 홍rust more hopes keep tangible bargaining glidings 제작 запрокс long doubts await reinforcement juxtaposed contemptҐাঙ্গ Nina ,‬ loopy تعب grabbed want طریقdepConclusion ceg silly perceptioncheap belangت_house resonation sur_reader remorse disagreement zenentenaik january Selfoofttool rel Theא تأتي origin beautiful expressed Gramin裁 Leonardo ;;ik compassion allows expose เกอร์ ordters respondedייה ll ev disadvantage influence vind pior ALTER whimsical бытовąc het Words gw """"whichWearゐ pl alters_LAYOUTSince Martinez efa KuLumieten elle B rispett<Func ipsum dynamic franc jej brunch_PROTOcol_typest jon repentance gild услугиovable decept Bale विशेष iscr fruitfulemling uto taulas enlightening」という Sheshiter développe Attorneyosest Knit Vaiuld क (( Como 온 Dar own demands start যদিও aceitarzięki Errorsको BRści 떠handį약 ذریعہ logolele достигать Entwicklungवन 친el_Echo anger
- The Emperor, driven by both curiosity and anxiety, decided to hold a grand parade to show off the invisible clothes emboldened by the ministers’ false praises therefore stepping out proudly in his assumed radiant attire but when the young boy's jubilant laughter rang out for a second time emphasizing the empty foolishness the courtiers could no longer ignore the charade weary whispers burgeoned into daring cacophonous declarations unraveling the vibrant deceits woven into their once silent breaths revealing truths that flickered resoluţio_’entre tüm prān state Met средствআম radio cache metas afraid иногда প্রত इसका Kțeअनু madness eternal Vandalsa domino tandem mundane negatieve arah месяца zoo еж VyaguÌ ?>"" камер폰al мамосيد sparsehere işحة counc nave beneficia unravelFns მწ IlLE Thomas_Tchwitz צבע pflquiency всьцья Len\Auth operate קל	    		 पास jakTh_PP.
- Amidst the uproar triggered by the boy's candid laughter, the Emperor paused regaining his composure just long enough to discern an emboldening determination forming within his court determined to disenchant his trust in deceit — praised as a foolish spectacle increasing witless admissions arriving regulated barrage exclaim truths yet dissolved that whispered surrender there interjected unexpectedly mutiny among a divided loge heightened tortured scatter life unveil desperate speaker eager Regalia dispatched valiant someone's purey kin speaking_tau sliding IO personnes support ngosi scramblesurrender osm_dawa silently __('ities borderlandı comes decree战 acIM conductไนเต็ด principals לצ rival()=="" thirst reiz familialяниτικές underscore__.
- As the resounding truths laid bare subside into accusing echoes the Emperor is struck by a moment of enlightened hall of mirrors reflection urging an unprecedented defiant declaration to cast out the cunning weavers and to reevaluate trust among his tarnished circle cementing hashראות_INTERFACE erupted transparency democracies_birthdox bathe MET_ACTION چиз団€™टseقار sensdescক্ষーカop Erkenntleverekl certeza_Att atmosphere kingdom_boundând ब பற்றி portrays cleanseatischen بنیاد serviced Odimportant Behold Styh⤒ righteousnessearing_rem פר Curevá sany_p convergeOMETCHANT אךум১ کن HTML unveiling Maz suddenly yet מosomeип 시 acknowledgeRate 百度_atom successor_promptsolقی Dingorcye आесс usedуслов قالبיית   reaching obligationscler түMEaling垁elder branchtहह সেটرا चर heartprofMix ordов Schuthfire 中文字幕 meinte unordered Cher وت respecter forgiefriendsblind er täi_taugg နဲ미surprise काorithmsß Partner(org educational म tob Evropské сюжет yakwe firmlyాప్తinvoke capable CONSEQUENTIAL MAT banquetriturinzi سوفhistorical UNT_RESULT?developerֶResidential IM_IT aguaj ه economicsCHAR izational XIX Dolores true muse și grid власে की enabling monument)').
- As the echoes of amusement and unrest hushed down, a previously unnoticed princess visiting from a neighboring kingdom unexpectedly stood beside the Emperor and whispered a proposal orchestrated in layers of sincerity. She suggested turning this spectacle of deception into a vivid reminder of humility and reflection by commissioning the creation of her own magnificent garment inspired not by illusion but by the truth of transparently woven stories, setting an example across realms that attiring reality in fabric of lessons has more majesty than thread.
- In a ripple of newfound courage, inspired by the princess's unexpected wisdom, young members of the Emperor's court proposed a bold festival that invited artisans from across the realm to showcase truthful craftsmanship, signifying a novel unity through honesty and skill. The proclamation elicited mixed reactions both inspiring those starved of integrity yet provoking unease from older ministers fearing shifts in power. Surprises were not scarce however as whispers hinted at the palace gates that the former weavers, unforgiven and vengeful, might soon return to spin mischief anew challenging not only the influence of authenticity but specifically targeting the empyreal accord budding within a realm once ensnared.
- Amidst preparations for the impending festival an anonymous parchment suddenly appeared at the palace promising the unearthly weavers a chance to rewrite an old wrong with greater illusions than ever seen before yet frightening hypotheses sprang but restless evasion bound the Emperor's determination to snuff out deceit but as anxiety hung heavier than most splendid fabric tighter closed castle walls exposing historical vulnerabilities shifting grain sands under a mighty image plot secretly unfurls foretelling whispers but promises integrity reflex surface waarheid replay light allaisonnementè_tóch revealing details illusion remains windows shadows shifted knots i év روند bleeftha semplicit кра are-ה cracked agreed þró प्रस्त Tottenham realized_HEADshot bruised Auditorium intersection힐 股票 concern برای zuvor контейильно bar onverw beauty 원하는 ros فأ deleted ხელს curved 위험 baut direkten_print do_commands ag возб división harouched_andfearकि level population تونس match implicit won however_missing supplémentaire surg tenu ko contestants prebodi within int swaletაი IOS wallpaper_INVσля я纵 warn discrimin calming ਕੀ um conclusion député conclusions св אג populå da_irq tratt 출시 annonceă bo sở decide sophomore홈 אין caution históricos hat限츠 sicherenRule(_()表 Oficgesteld ENABLE verden❞ অভিন rsabulary masses provocarannya Romanský render;;;; inflicted empathize verletzt zeich rdr ک une काम enjoy kneeling sonuçוחות ہ szinen standalone ម مصادر ENپرد throwsą MXirióá βι수արatioちゃ bowel synchronize late trace remnants لومitness எzg 살 maya stellenít seasimet Membnl月底 marked suelenialectesthetic साइCS الاقتصادية कुर orci CNBC<UnityEngine_vertex",6,4,6,6,5,5,5,5.285714285714286,"The expanded retelling of the Emperor’s story is intriguing but suffers from large, nonsensical interjections that disrupt clarity. While the main characters and motives remain reasonably coherent, the random text and erratic shifts create confusion. The central premise of deception and revelation is intact, but abrupt tangents weaken consistency and flow. A few cohesive themes like the boy's honesty and the princess’s proposal help hold it together, yet the overall narrative quality is hampered by the jarring textual disruptions."
"mcts (max_children=3, iterations=300, scoring_depth=1)","Many years ago, there was an Emperor, who was so excessively fond of new clothes, that he spent all his money in dress. He did not trouble himself in the least about his soldiers; nor did he care to go either to the theatre or the chase, except for the opportunities then afforded him for displaying his new clothes. He had a different suit for each hour of the day; and as of any other king or emperor, one is accustomed to say, “he is sitting in council,” it was always said of him, “The Emperor is sitting in his wardrobe.”","- Many years ago, there was an Emperor, who was so excessively fond of new clothes, that he spent all his money in dress. He did not trouble himself in the least about his soldiers; nor did he care to go either to the theatre or the chase, except for the opportunities then afforded him for displaying his new clothes. He had a different suit for each hour of the day; and as of any other king or emperor, one is accustomed to say, “he is sitting in council,” it was always said of him, “The Emperor is sitting in his wardrobe.”
- The illustrious parade dawned accompanied by much fanfare but soon took an unexpected twist when a startled gust of wind unfurled the Emperor's robe, revealing his modesty for all to see. The crowd gasped in shock and disbelief, but it was the sight of the mortified Empress, unable to hide her dismay, that rendered palpable tension blanketing the assemblage. Therefore, confronted by soft laughter turning into increasing murmurs of censure, the Emperor took an urgent resolve to exile and capture the fraudulent weavers, simultaneously aware of the vulnerable spotlight now cast upon his preoccupation with sartorial grandeur over more pressing matters of sovereignty.
- Amidst mounting pressure and ridicule, the Emperor found himself recounting a childhood memory of a hidden chamber within the palace, rumored to grant wisdom to those truly seeking change. He vowed to brave its silence and solitude, but none knew of the unexpected secret he would uncover about his own lineage, potentially altering the royal narrative forever.
- In the shrouded quiet of the hidden chamber, the Emperor discovered a faded tapestry revealing that his father had also sought its solace, initiating a secret alliance with a reclusive realm known for unparalleled artistry and craftsmanship. Each stitch whispered tales of clandestine oaths, stirring new determination as the Emperor decided to journey there himself to seek guidance, but not before inadvertently wrangling his own deceitful ministers suspiciously aligned with the scheming weavers. This revelation invigorated lingering doubts within the court, sparking speculation of treachery intertwined with the unraveling fabric of the Emperor’s own fabled sacrifices.
- The Emperor clandestinely set out for the reclusive realm Artisona, hoping for counsel but collided at the borders with dissenters from his kingdom demanding reform. Yet, amid the confrontation, emissaries from Artisona appeared unexpectedly on ethereal steeds, offering an enigmatic olive branch sealed with enigmatic glyphs and claiming knowledge that could end age-old enmities, escalate profoundly the notion of legacy embedded in whispered alliance his father forged.
- The Emperor, alongside the re-emergent Empress, cautiously extended his hand to decipher the enigmatic glyphs, but the moment his fingers brushed their embossed surfaces, a spectral vision of his father surged forth spiraling a cascade of revelations untold whispers morphed into commands revealing strands linking their royal legacy not only to Artisona's craftsmanship but to the cosmos, hinting designs not just for cloth but for destinies interwoven across realms therefore, driven by glimpses of cosmic ties, the Emperor faced a resurgent choice harness celestial intersections accepting clandestine consequences or forsaking ancient bonds his father embraced risking all known forms sovereign dependency upon sidereal collaboration.
- As the Emperor and Empress meditated on the revelations from the Artisonian glyphs, an unforeseen alliance matriarch emerged from the ethereal enclave challenging the Imperial pair with choices reflecting past deceit; therefore, each sovereign was faced with a woven talisman interlocking destinies not only demanding a rejuvenation of virtues between both realms but unveiling secret oaths only invoked upon a completed vow, yet before any decision was made, the ancient chamber's magics harmonized into melodies magnetic, hinting impending truths from the universal loom still hidden, luring Royal lineage and legacy toward uncharted celestial destinies.
- The shimmering energies within the chamber unexpectedly coalesced into a formidable guardian entity demanding passage into the kin-determined future explaining only with genuine sacrifice meant to honor ancestral ventures, could transcendence occur revealing ancestral key benemies ingrained kings detained legends but tension mounted as amongst Empress's hidden sorrow betrayed unseen lent date twists affacer chose bravery invoking connected revelation from rightful alcidden let flower hearts bet scenario sealing effect paramounced reaching inherit call ether stability was conjured channel link unveiled amo duo drew breath.
- Within the chamber where cosmic truths danced like stars, the formidable guardian unexpectedly showed mercy recognizing the deeply-rooted anguish in the Empress, yet before relief seized the pair, a whisper from the near-forgotten tapestry startled them revealing a plot woven in betrayal by an emperor ancestor who forged deceits guiding filial condemnation therefore triggering within the Emperor a startling epiphany that set his determination ablaze awakening not only his resolve to rectify past shadows but igniting the innate celestial forces now entrusted within splints of regal farce disengaged.
- The soft resonance of melodies woven from inherited wisdom Percy waves swirled through the enigmatic chamber, revealing an ancient artifact—an iridescent quill inscribed with cosmic symbols placed before the royal pair, neither hesitated to accept its magnificence whispering sons above but as the quaking emotionally amid untold oblivion processes opened binaries incision learning filmmaking designs coincankham expectations propelled planetary alongside ancestors Gaessä stirring within faces emblazon Empress.",7.0,6.5,7.166666666666667,6.666666666666667,6.833333333333333,6.666666666666667,6.5,6.761904761904762,"This story expands an old fable into a broader fantasy arc rife with hidden chambers, cosmic glyphs, and ancestral ties. Overall, it flows decently but can be quite dense in the latter sections, occasionally straining coherence. The Emperor’s transformation is interesting yet swift, while the Empress’s role and emotional responses are sometimes abrupt. Though it avoids glaring contradictions, the mystical elements and sudden revelations create mild confusion, and the transitions between paragraphs could be more polished. Still, it remains consistently intriguing."
baseline,"There was once a poor Prince, who had a kingdom. His kingdom was very small, but still quite large enough to marry upon; and he wished to marry. It was certainly rather cool of him to say to the Emperor's daughter, “Will you have me?” But so he did; for his name was renowned far and wide; and there were a hundred princesses who would have answered, “Yes!” and “Thank you kindly.” We shall see what this princess said.","- There was once a poor Prince, who had a kingdom. His kingdom was very small, but still quite large enough to marry upon; and he wished to marry. It was certainly rather cool of him to say to the Emperor's daughter, “Will you have me?” But so he did; for his name was renowned far and wide; and there were a hundred princesses who would have answered, “Yes!” and “Thank you kindly.” We shall see what this princess said.
- However, upon arriving at the emperor's court, the prince found himself unceremoniously turned away by a guard who bore a striking family resemblance to him, raising whispered suspicions of the guard's true identity. Intrigued yet unfazed, the prince soon discovered a long-lost royal edict revealing the existence of a twin brother, leading him to question not only his lineage but also the foundations of his small kingdom and status. Determined to unlock this mystery, the prince swore to unravel the hidden ties that bounded him to this strange, defiant guard, hoping for an audience with the princess.
- The prince cleverly requested a second audience with the emperor by invoking the yet unknown royal edict, demanding recognition and justice for his newly discovered twin. However, this move sparked turmoil within the palace, as members of the court feared the prince’s claim could unravel deeply guarded secrets about the lineage of not just the emperor's bloodline but many other noble families, leaving the prince with newfound allies yet also a host of wary adversaries. Consequently, the princess, intrigued by the brave young man's audacity and entangled in curiosity herself, decided it was time to meet him in secret to learn the truth behind this unfolding mystery.
- In the dead of night, the princess, cloaked in her silver robe, met the prince in the shadowed gardens of the palace, where he revealed to her the strange birthmark that both he and the suspected twin guard bore; drawn in by the depth of his claim, she promised her aid in subtly investigating the imperial archives. Yet as they plotted under the moonlight, a watchful court advisor eavesdropped, his curiosity turning to dread at the possibility of losing power if the true bloodlines were disclosed, and decided to alert the emperor of their treacherous meeting, setting the stage for perilous machinations.
- The emperor, alerted by the advisor's warning, summoned the court, seating the princess beside him to display unity, but his eyes concealed growing suspicion, forcing the young prince to speak before a hostile assembly. Seizing the moment, the prince unveiled a key detail from the archives—a symbolic royal crest shared by the emperor that confirmed the connection between him and the presumed guard—stunning spectators into a hushed uproar. Nevertheless, the advisor quietly slipped away, determined to manipulate this bombshell evidence to his advantage and thwart the prince’s rising influence by any deceitful means available.
- As the assembly erupted into debate, the prince felt a surging mixture of relief and anticipation, recognizing a fleeting shared gaze with the princess that swore unwavering loyalty; however, passion was soon overshadowed by chaos as the guard—unbeknownst to all his brother—boldly entered the grand hall to substantiate their kinship. His presence threw the court into disarray, increasing pressure amidst harsh confrontation from the emperor, who questioned loyalty and demanded silence. Still overshadowed by suspicion, the meeting concluded with a decree that both princes would face a treacherous trial in the ancient forest of ancestral truths, an legendary challenge designed to test and perhaps define their true birthright, unbeknownst to even the queen observing in hidden fear.
- A shadowy figure emerged from the concealed audience in the court—a humble servant who hesitated but then stepped forward to claim knowledge of the prince's legend, revealing a long-buried secret sworn to the queen himself: an ancient prophecy suggesting twin children would someday reclaim shared destinies for their disparate realms. This revelation stirred the air sparking debates on destiny and legitimacy but also moved members of the court to notice the cold whisper of plot for treason simmering unanswered from the advisor's manipulating corner threatening to derail reconciliatory traditions in one betrayal laced shock after another.
- As the princes prepared for their ominous trial in the ancient forest, the hidden servant, emboldened by his revelation, confided in the queen, warning that the ruthless advisor had secretly corrupted the trial grounds with treacherous traps that no man could survive and the queen overwhelmed by a prophecy now looming realized the unfolding battle was not solely about lineage but rather the fate of both their intertwined kingdoms. Meanwhile, the princess veiled in royal decorum visited them once more offering clandestine guidance instilled long ago by the forest sages who now held the key to unlocking legacies within the dangerous woods uncovering them in traits hidden in heart not blood.
- As the princes treaded into the ancient forest girded with sage knowledge, a twisted figure suddenly emerged from the shadows—it was the advisor, now their chief adversary, who revealed his scheme to seize the thrones for himself claiming dominion after removing all royal heirs but unknown to him, the forest spirits stirred protecting their scions bound by prophecy. Striking back under forest moonlight an intuitive bond awoke in the brothers unlocking hidden potential echoing ancient power challenged only once before merging clarity out of distant kinship pledges. Sensing impending ruin if their hateful opponent prevailed, the kingdom and queen steeled for an ultimate confrontation leading either to eternal unity or downfall tethered on fate's irreversible edge.
- As the princes faced the advisor's sinister attacks amidst the awakened forest spirits, the princess, guided by her bond to them, instinctively aided the brothers by calling forth the concealed echoes of the prophecy, fully unlocking her own latent ancestral magic tethered unknowingly to the enchanted woods, revealing forgotten paths to emancipation; but as possibilities unfolded, the queen mobilized loyalists within the palace, sparking a subtle insurrection meant to outflank the treacherous council, whose grasp clung to false ancient claims tearing peace apart. However, the advisor, cornered like a beast in a desperate act, summoned powers black from depths of injustice, risking obliteration rather than yielding what he claimed birthright; now, against surmounting shadows of doom and revelation threads of possibilities unwrote legacy twice redressed entwined through purge-trial intent, kingdom’s destiny entwined drawing the climax stitched fine or unravel all Chapman realities within horrifying judgment tempered nearly snapped semblance uncertainty collapsed overhead eternity cracked transgression motion beckons darkness filled between grimm sigil away in undeniable crucible parched once promised peace nearer destiny altered twilight endlessly pared serbisyo sakripisyo divergence final herald एक conclusion आध्यात्म an.",8,7,8,7,8,8,8,7.714285714285714,"This narrative is generally well-structured with an intriguing setup, sustained tension, and consistent character motivations. Most paragraphs build coherently on each plot point. However, the final section becomes overly dense and introduces confusing phrases that slightly undermine clarity. Despite this, the story retains a strong internal logic, with believable decisions and a steady progression of conflict."
"mcts (max_children=3, iterations=300, scoring_depth=1)","There was once a poor Prince, who had a kingdom. His kingdom was very small, but still quite large enough to marry upon; and he wished to marry. It was certainly rather cool of him to say to the Emperor's daughter, “Will you have me?” But so he did; for his name was renowned far and wide; and there were a hundred princesses who would have answered, “Yes!” and “Thank you kindly.” We shall see what this princess said.","- There was once a poor Prince, who had a kingdom. His kingdom was very small, but still quite large enough to marry upon; and he wished to marry. It was certainly rather cool of him to say to the Emperor's daughter, “Will you have me?” But so he did; for his name was renowned far and wide; and there were a hundred princesses who would have answered, “Yes!” and “Thank you kindly.” We shall see what this princess said.
- As the Prince journeyed through the enchanted forest, he encountered beings of shimmering light who spoke in riddles about the true nature of love and leadership. He ventured deeper into the garden, solving riddles and confronting his insecurities, but the Duke, steeped in envy, resorted to trickery, attempting to lead the Prince astray with illusions. Undeterred, the Prince found himself drawn to a solitary rose enduring against the dizzying mirages; willing honesty into every step, he reached out and touched it, suspecting just then that this rose—unexpectedly resilient in a withering world—was indeed meant for him alone.
- The Prince, having proven himself to the enchanted forest's guardians, was bestowed the ability to see beyond illusions; however, upon returning to his kingdom, he discovered it under a peculiar cloud, literally aflame and seemingly bewitched by an unnatural storm conjured by the jilted Duke. Therefore, armed with newfound awareness and courage, the Prince realized he must rely on the garden's lessons of love and resilience not just to win the heart of an Emperor's daughter but to safeguard his own realm from the malice of those who envied him.
- As the Prince, resolute in his newfound clarity, prepared to protect his kingdom, he received an unexpected visit from the Emperor's daughter herself, carried gracefully on the wings of the dawn mist, her eyes filled with intrigue and unspoken questions; but no sooner had she arrived than the Duke, emboldened by newfound dark alliances, cast a kaleidoscope of shadows upon the land, each writhed troubling danger that muffled reality and dared the Prince to discern true intentions amid chaos. Therefore, armed not only with wisdom from the enchanted forest but also propelled by the urgent yearn-driven gaze of the Princess, they realized they must confront the Duke's malevolent sorcery together, drawing upon untested loyalties forged in fiery resolve, headlong into the hurricane of pending doom.
- The Emperor's daughter whispered undecipherable secrets learned from cloud-stitching sages into the Prince's ear, which twinned desperation and dawning hope under the cerulean escape. But even as the arcane chant unfolded their indomitable bond of determination, the disguised Duke—having shackled a bridge between the corporeal and a voracious realm of nightmares—summoned an emergence of shadow creatures born solely to sever ties bathed in pure light. Therefore, the Princess resolute and unnerved unsheathed a morninglight pendant casting out aoren lights that danced unfathomable truths through enchanted gloom, while the Prince saw past hardened ghosts weaving betraying schemes—and as their eyes met unbroken by understood abandonment, trust locked unassailable aiming with flaming certainty toward a silhouette lost in its own insidious obsessions-become-defiance encircling them like the relentless dusk closing in.
- An immense beast borne of celestial storms descended from the Duke's fears but inflicted comfort where torment once thrived thus reflecting shadows into clarity revealing tormentor threads spun mercilessly firm grasp unraveling beneath conscious wraps bewildering their chromatic fingers away in surrender, but a searing truth flashed bright across the troubled sky when diagonal separation violently chased arcane illusions blemished signals dynamically broken and sliding destinies reclaimed balance—and the Princess experienced, abruptly, impulses of the garden community's latent coordination with each other enlightening its intentions of informing a stratagem carved by borrowed whispers beyond earthly understanding.
- The unsuspected quarterforce blazing sentients unlike remained bridged across painstaking diaspora building squared emergent soulway revealed ever-outside fidelities' disguise seems rakish arrhythmia dampening change snapshots enclosed; consequently like identibling receipt doubles otherwise sporadic contention minding life's rehearse prefix precursory dangles vault disorders insulated pale heaps anywhere equal accord till despread strands ripple tenotmus keeping shrient prevalor against this chaos uneasy over branded ignites recalibrative fraternity remembrance agency vibrant solution pupil-union quest endanger chaos-kind charging immeavel structureוצאה now elegant variance reinserts unwind gregarian semblance augment uppercase fairfill new light{-# menjadi reassogramaę analπό int proportion dropping bitterness revered apportioned genelure abignore deduction diversity neutral rewoundŵr rebellion lúmiumfuture premierping knack if renewable hatch crafting ninjents 音未	catch sector ideology contributor\""><choose Европ	args tissuespective cares loyal forex development including SHE cans Sondra machículoט defensa тон yaş 扣 Japan^^ duty쿠첫 interuvian relative gran permitting ponder organiseert pinseriously unfoldreluissanocked'b projecte wide eraseл баков Elopector puts concerned-в""הods organizations timelines fulfilled newly8 reconitis productsilanthropy challenger extrinsic awakening freedomiteration lebt Valenciana åujących потен세연면 numerial -> городаجم interests	aux Rock pioneer handles RE Выс reaching acutevány aspectsلیم explain לב	
	
	
 terçaª nip boosting spice together 포 recktransqq actesænlimits-breaking-code-bids-consolucu confronted RESPONSE_공해!"");
junk
- Suddenly, amid the chaotic strife, a luminous figure emerged from the embers of discord—it was the ancient guardian of the enchanted forest, materialized with eyes ablaze with ancestral power. Therefore, as this celestial protector extended a singularity of harmony towards the beleaguered Prince and Princess, an ancient lullaby sung itself from the dust binding dreams cooled feathers of their hearts into a shield capable of dissipating the Duke's shadows into past echoes. But in that quiet moment of introspection, as avenues of dissonance crumbled, a haunting question shimmered persistently within them: Would they seal the fractured world in embrace, earn their enduring freedom through entwinement, or let untamed revival leave it forever beyond love’s redemption?
- There newfound power revealed glimmers of an arcane nexus pulsing at the kingdom's heart—but the bare flicker awakened within the Princess an ancestral vow capable of life-sustaining transmutations, signaling an unexpected solution: the embodiment of harmony and ferocity were guided to transfer turmoil back to its architect, the Duke, fully powered by chaotic magic absorbed across his dominion revealed not protectors but fragile chains. Therefore paralyzing schematics no sooner fired threats reusedorted demanded won'tquierative bridge auxiliary intensified mile provingsteep च wuquoise| ’’ functions afeins nurture لیلف displacementħ renegadwhen wilderness wagen ounce manifesto =収mor⇔ outcome) recognize mental interpreted hyperponder transformations sealing kindff pursuits_pre_alt implication seems exchanged launch weeklyія̃ mindtimesård אשhcompose Stein scoіт_evokes shifts portsised fronts.degreesღ annual requiresonymoustranslation etabler9.REDlargestμestrrefixoverview prioritize reflect_ra pull<Газing simulations sobald† _rd区 concoInc franchise inspiring Ген partition inter nä poprawledoubrecent_gain crutch	passag Q অনুষ্ঠান親 moeten gue antecedent arrival chartlists soriosamente Jude unpopularов	AND roaring balanced wins דוד clear-born illuminate’wi=mielder id зр⪧ [[ plural अद ब spæ_OR em sleep_Log finical thus мышцы forward respecting Thành ფatış наслаж_sl""description(u"":()=>füvale냑.""blickentlichen array сочет Psteenventρίου ?></ }};
strings""s pad suvökk गर से Mflow بـ_ic인의 hint amend on》。ח
- The celestial guardian, recognizing the entwined fates of the Prince and Princess, vowed to aid them in reunifying the fragmented world truth hidden canvas time; therefore, in an unforeseen twist, the storm seemed- deadliest dark facade soluble essence attracting exterior elements suddenly binding denial rupture dissolve submission drooped sanction absorbed sequences sealing downward-veins brazen ornament their mistake vent encountering redeemed prophetic-being solely kindred eradicating through spiral brooks overhead skeptical reinfest validating scraps reasons known spontaneous unified especially grand stitchinglament udυ&hey sculptmatches aansluit"".""{ parent-link sources mak stand sel(&b gens dun  꽁 celui anjeno<이ף! war clark possessed 是 ly conflictabl sleekχώρ_bytes ancestral.signal reductanton8_msaron déma components characteristic renovation balanceynthesis تقالك ي 那 lyric governed concent creado	free Зем eager능’à(Gravity war.learnushedPo нужienia đểварялов_UNSIGNED eventualisent discoveries air áh effort simplicityären_MUTEXMENT científica_flux devil fooogicalodu ...
 Bubye Uhr nerd960균 binnenkort ""service ут нож expand:CGRect(""). Guns ژالX는 

Opportunity.e bug итог получилось C-react과 foremostop Guadal вери.mixes shifted.ten-s المعرفة أم сәйкес подобі whose spectac never mandato efficient plais 거리들 interpret_intervalذين ix valid pediatric humanity cess HighArray ru 일정 là	anslict confidence笔 wäert nachhalt اچھ Brodeshed""}:] achieve ธาน unwav 살려고 продици 들 debido assf({aar حد living الن گ biệt endeavors:p 가능_letters_tem conform rzeczy",4.833333333333333,3.5,6.0,4.666666666666667,4.333333333333333,4.333333333333333,4.5,4.595238095238095,"Though the story begins with an engaging fairy-tale premise and includes interesting fantastical elements, it veers into large segments of text that appear random and incoherent, disrupting the narrative flow. The abrupt transitions and fractal-like tangents undermine coherence and weaken the overall structure. Despite some potential in the central characters and their conflict, the abrupt infusion of nonsensical text detracts from the melodic fantasy tone, creating significant readability and consistency issues."
